Ticket ID,Type,Date,Severity,Status,Description
0x1a2b3c,Request,2023-01-05,Low,Open,Booking video conferencing for team meeting
0x4d5e6f,Incident,2023-01-07,High,Active,Server outage affecting multiple applications
0x7a8b9c,Change,2023-01-10,Medium,Closed,Upgrading software version on client machines
0xde1f2a,Request,2023-01-12,Low,Closed,Requesting new laptop for new employee
0x3b4c5d,Incident,2023-01-15,Critical,Active,Data breach detected on main database
0x6e7f8a,Change,2023-01-18,Medium,Open,Implementing new security policy on network
0x9a0b1c,Request,2023-01-20,Low,Closed,Booking meeting room for client presentation
0x2c3d4e,Incident,2023-01-22,High,Inactive,Printer malfunctioning in office
0x5e6f7a,Change,2023-01-25,Medium,Closed,Replacing old hardware with new ones
0x8a9b0c,Request,2023-01-27,Low,Open,Requesting admin access for a software
0x0b1c2d,Incident,2023-01-30,High,Active,Email service not working properly
0x3d4e5f,Change,2023-02-02,Medium,Open,Changing password policy for all users
0x6f7a8b,Request,2023-02-04,Low,Closed,Requesting new mouse and keyboard
0x9c0d1e,Incident,2023-02-06,Critical,Active,Firewall breached by hackers
0x1e2f3a,Change,2023-02-09,Medium,Closed,Adding new features to a web application
0x4a5b6c,Request,2023-02-11,Low,Open,Requesting VPN access for remote work
0x7c8d9e,Incident,2023-02-13,High,Inactive,Wi-Fi network not connecting
0x0e1f2a,Change,2023-02-16,Medium,Closed,Updating antivirus software on all devices
0x2a3b4c,Request,2023-02-18,Low,Closed,Requesting new headphones for online calls
0x5c6d7e,Incident,2023-02-20,High,Active,Backup server not responding
0x8e9f0a,Change,2023-02-23,Medium,Open,Migrating data from one cloud provider to another
0x0a1b2c,Request,2023-02-25,Low,Open,Requesting new monitor for better resolution
0x3c4d5e,Incident,2023-02-27,Critical,Active,Power outage affecting entire office
0x6e7f8a,Change,2023-03-02,Medium,Closed,Installing new operating system on all machines
0x9a0b1c,Request,2023-03-04,Low,Closed,Requesting new chair for ergonomic comfort
0x2c3d4e,Incident,2023-03-06,High,Inactive,Website down due to server error
0x5e6f7a,Change,2023-03-09,Medium,Closed,Removing unused accounts and files
0x8a9b0c,Request,2023-03-11,Low,Open,Requesting new software license for a project
0x0b1c2d,Incident,2023-03-13,High,Active,Phone system not working properly
0x3d4e5f,Change,2023-03-16,Medium,Open,Modifying user permissions and roles
0x6f7a8b,Request,2023-03-18,Low,Closed,Requesting new printer cartridge
0x9c0d1e,Incident,2023-03-20,Critical,Active,Ransomware attack on company files
0x1e2f3a,Change,2023-03-23,Medium,Closed,Integrating new API with existing system
0x4a5b6c,Request,2023-03-25,Low,Open,Requesting new badge for office access
0x7c8d9e,Incident,2023-03-27,High,Inactive,Computer not booting up
0x0e1f2a,Change,2023-03-30,Medium,Closed,Renaming and reorganizing folders and files
0x2a3b4c,Request,2023-04-01,Low,Closed,Requesting new coffee machine for break room
0x5c6d7e,Incident,2023-04-03,High,Active,Application crashing frequently
0x8e9f0a,Change,2023-04-06,Medium,Open,Enabling two-factor authentication for all users
0x0a1b2c,Request,2023-04-08,Low,Open,Requesting new keyboard with backlight
0x3c4d5e,Incident,2023-04-10,Critical,Active,Network outage affecting multiple offices
0x6e7f8a,Change,2023-04-13,Medium,Closed,Switching to a new email service provider
0x9a0b1c,Request,2023-04-15,Low,Closed,Requesting new projector for conference room
0x2c3d4e,Incident,2023-04-17,High,Inactive,Scanner not working properly
0x5e6f7a,Change,2023-04-20,Medium,Closed,Deleting old and obsolete data
0x8a9b0c,Request,2023-04-22,Low,Open,Requesting new software installation
0x0b1c2d,Incident,2023-04-24,High,Active,Internet speed very slow
0x3d4e5f,Change,2023-04-27,Medium,Open,Changing the layout and design of the website
0x6f7a8b,Request,2023-04-29,Low,Closed,Requesting new stationery items
0x9c0d1e,Incident,2023-05-01,Critical,Active,Hardware failure causing data loss
0x1e2f3a,Change,2023-05-04,Medium,Closed,Upgrading the network infrastructure
0x4a5b6c,Request,2023-05-06,Low,Open,Requesting new laptop bag
0x7c8d9e,Incident,2023-05-08,High,Inactive,Software license expired
0x0e1f2a,Change,2023-05-11,Medium,Closed,Reconfiguring the firewall settings
0x1a2b3c,Request,2023-01-05,Low,Open,Booking video conferencing for team meeting
0x4d5e6f,Incident,2023-01-07,High,Active,Server outage affecting multiple applications
0x7a8b9c,Change,2023-01-10,Medium,Closed,Upgrading software version on client machines
0xde1f2a,Request,2023-01-12,Low,Closed,Booking meeting room for client presentation
0x3b4c5d,Incident,2023-01-15,Critical,Active,Data breach detected on main database
0x6e7f8a,Change,2023-01-18,Medium,Open,Implementing new security policy on network
0x9a0b1c,Request,2023-01-20,Low,Closed,Booking video conferencing for training session
0x2c3d4e,Incident,2023-01-22,High,Inactive,Printer malfunctioning in office
0x5e6f7a,Change,2023-01-25,Medium,Closed,Replacing old hardware with new ones
0x8a9b0c,Request,2023-01-27,Low,Open,Booking meeting room for brainstorming session
0x0b1c2d,Incident,2023-01-30,High,Active,Email service not working properly
0x3d4e5f,Change,2023-02-02,Medium,Open,Changing password policy for all users
0x6f7a8b,Request,2023-02-04,Low,Closed,Booking video conferencing for project review
0x9c0d1e,Incident,2023-02-06,Critical,Active,Firewall breached by hackers
0x1e2f3a,Change,2023-02-09,Medium,Closed,Adding new features to a web application
